date,open,high,low,close,wave
2015/3/2,3332.721,3336.76,3298.669,3336.285,0
2015/3/3,3317.695,3317.695,3260.429,3263.052,0.021950463
2015/3/4,3264.182,3286.588,3250.484,3279.533,-0.005050793
2015/3/5,3264.085,3266.638,3221.666,3248.476,0.009469946
2015/3/6,3248.036,3266.933,3234.533,3241.187,0.002243821
2015/3/9,3224.314,3307.702,3198.37,3302.408,-0.01888845
2015/3/10,3289.085,3309.915,3277.095,3286.068,0.004947905
2015/3/11,3289.594,3325.054,3278.471,3290.9,-0.00147045
2015/3/12,3314.813,3360.054,3300.488,3349.323,-0.017752894
2015/3/13,3359.488,3391.255,3352.15,3372.911,-0.007042617
2015/3/16,3391.158,3449.305,3377.087,3449.305,-0.022649278
2015/3/17,3469.603,3504.123,3459.694,3502.847,-0.015522547
2015/3/18,3510.501,3577.662,3503.853,3577.301,-0.021255282
2015/3/19,3576.019,3600.684,3546.844,3582.271,-0.001389316
2015/3/20,3587.084,3632.338,3569.38,3617.318,-0.009783459
2015/3/23,3640.104,3688.249,3635.485,3687.728,-0.019464697
2015/3/24,3692.569,3715.873,3600.698,3691.41,-0.000998447
2015/3/25,3680.953,3693.151,3634.559,3660.727,0.008312
2015/3/26,3641.942,3707.318,3615.011,3682.095,-0.005837092
2015/3/27,3686.134,3710.477,3656.831,3691.096,-0.002444532
2015/3/30,3710.612,3795.935,3710.612,3786.568,-0.025865488
2015/3/31,3822.987,3835.567,3737.043,3747.899,0.01021215
2015/4/1,3748.34,3817.082,3742.213,3810.294,-0.016647994
2015/4/2,3827.689,3835.451,3775.894,3825.784,-0.004065303
2015/4/3,3803.383,3864.405,3792.211,3863.929,-0.009970505
2015/4/7,3899.42,3961.666,3891.728,3961.378,-0.025220184
2015/4/8,3976.532,4000.22,3903.648,3994.811,-0.00843974
2015/4/9,4006.13,4016.396,3900.027,3957.534,0.009331355
2015/4/10,3947.492,4040.348,3929.319,4034.31,-0.01939996
2015/4/13,4072.723,4128.072,4057.293,4121.715,-0.021665415
2015/4/14,4125.782,4168.346,4091.257,4135.565,-0.003360252
2015/4/15,4135.648,4175.494,4069.007,4084.163,0.012429257
2015/4/16,4055.916,4195.305,4031.244,4194.823,-0.027094903
2015/4/17,4254.723,4317.223,4238.91,4287.296,-0.022044553
2015/4/20,4301.352,4356.001,4190.681,4217.077,0.016378389
2015/4/21,4212.185,4294.375,4188.569,4293.623,-0.018151435
2015/4/22,4304.597,4400.193,4297.951,4398.494,-0.024424827
2015/4/23,4414.485,4444.41,4358.844,4414.508,-0.003640792
2015/4/24,4355.951,4416.376,4318.119,4393.686,0.00471672
2015/4/27,4441.929,4529.735,4441.929,4527.396,-0.030432307
2015/4/28,4527.635,4572.391,4432.904,4476.215,0.011304732
2015/4/29,4446.119,4499.945,4398.639,4476.62,-9.04782E-05
2015/4/30,4483.013,4507.344,4441.054,4441.655,0.00781058
2015/5/4,4441.343,4487.57,4387.426,4480.464,-0.008737509
2015/5/5,4479.848,4488.865,4282.237,4298.706,0.040566781
2015/5/6,4311.641,4376.353,4187.368,4229.266,0.016153698
2015/5/7,4197.896,4213.764,4108.009,4112.214,0.02767667
2015/5/8,4152.984,4206.86,4099.042,4205.917,-0.022786509
2015/5/11,4231.271,4334.877,4187.82,4333.584,-0.030354142
2015/5/12,4342.37,4402.309,4317.975,4401.219,-0.015607174
2015/5/13,4402.378,4415.629,4342.481,4375.76,0.005784534
2015/5/14,4372.816,4397.745,4329.042,4378.311,-0.000582984
2015/5/15,4366.822,4366.822,4278.553,4308.691,0.015901109
2015/5/18,4277.895,4324.826,4260.509,4283.491,0.005848644
2015/5/19,4285.777,4418.403,4285.777,4417.552,-0.031297136
2015/5/20,4434.979,4520.538,4432.279,4446.288,-0.00650496
2015/5/21,4456.435,4530.478,4438.258,4529.422,-0.018697394
2015/5/22,4584.984,4658.273,4562.989,4657.596,-0.028298092
2015/5/25,4660.075,4814.672,4656.825,4813.798,-0.033537044
2015/5/26,4854.85,4911.685,4779.075,4910.897,-0.020170975
2015/5/27,4932.846,4958.156,4857.056,4941.714,-0.006275228
2015/5/28,4943.742,4986.503,4614.241,4620.266,0.065047876
2015/5/29,4603.465,4698.193,4431.563,4611.744,0.001844483
2015/6/1,4633.098,4829.502,4615.231,4828.738,-0.047052482
2015/6/2,4844.704,4911.574,4797.552,4910.527,-0.016937966
2015/6/3,4924.381,4942.065,4822.442,4909.978,0.000111801
2015/6/4,4912.945,4947.965,4647.407,4947.102,-0.00756093
2015/6/5,5016.088,5051.626,4898.068,5023.096,-0.015361317
2015/6/8,5045.694,5146.949,4997.481,5131.881,-0.021656962
2015/6/9,5145.978,5147.454,5042.963,5113.534,0.003575102
2015/6/10,5049.197,5164.162,5001.489,5106.036,0.001466305
2015/6/11,5101.44,5122.457,5050.765,5121.593,-0.003046786
2015/6/12,5143.343,5178.191,5103.401,5166.35,-0.008738883
2015/6/15,5174.418,5176.795,5048.742,5062.993,0.020005807
2015/6/16,5004.412,5029.684,4842.1,4887.432,0.034675339
2015/6/17,4890.551,4983.658,4767.216,4967.898,-0.016463861
2015/6/18,4942.52,4966.767,4780.873,4785.356,0.036744313
2015/6/19,4689.929,4744.081,4476.501,4478.364,0.064152385
2015/6/23,4471.613,4577.939,4264.772,4576.492,-0.021911573
2015/6/24,4604.579,4691.768,4552.129,4690.15,-0.024835179
2015/6/25,4711.763,4720.701,4483.548,4527.779,0.034619575
2015/6/26,4399.933,4456.896,4139.53,4192.873,0.073966949
2015/6/29,4289.771,4297.475,3875.05,4053.03,0.033352548
2015/6/30,4006.754,4279.969,3847.88,4277.222,-0.055314666
2015/7/1,4214.15,4317.053,4043.367,4053.7,0.052258686
2015/7/2,4058.624,4080.387,3795.253,3912.767,0.03476651
2015/7/3,3793.712,3927.128,3629.556,3686.915,0.057721812
2015/7/6,3975.214,3975.214,3653.037,3775.912,-0.024138609
2015/7/7,3654.778,3750.57,3585.399,3727.125,0.012920587
2015/7/8,3467.399,3599.253,3421.525,3507.192,0.059008753
2015/7/9,3432.454,3748.479,3373.54,3709.33,-0.057635282
2015/7/10,3707.458,3959.22,3677.435,3877.803,-0.045418714
2015/7/13,3918.99,4030.195,3858.637,3970.388,-0.023875633
2015/7/14,3958.373,4035.435,3855.56,3924.487,0.011560835
2015/7/15,3874.968,3914.273,3741.25,3805.703,0.030267395
2015/7/16,3758.505,3877.514,3688.442,3823.176,-0.004591267
2015/7/17,3831.421,3994.477,3814.147,3957.352,-0.035095429
2015/7/20,3948.421,4021.326,3927.121,3992.11,-0.008783146
2015/7/21,3939.898,4041.819,3912.801,4017.675,-0.006403882
2015/7/22,3996.427,4042.338,3960.864,4026.045,-0.002083294
2015/7/23,4022.268,4132.612,4019.038,4123.923,-0.024311204
2015/7/24,4124.755,4184.449,4044.831,4070.908,0.012855478
2015/7/27,3985.57,4051.159,3720.444,3725.558,0.084833654
2015/7/28,3573.143,3762.526,3537.358,3663.002,0.016791042
2015/7/29,3689.825,3792.072,3612.064,3789.168,-0.034443334
2015/7/30,3773.788,3844.374,3685.956,3705.766,0.022010637
2015/7/31,3655.667,3729.512,3620.165,3663.726,0.011344483
2015/8/3,3614.99,3648.943,3549.496,3622.905,0.011141936
2015/8/4,3621.855,3757.029,3601.289,3756.545,-0.036887525
2015/8/5,3745.646,3782.352,3676.39,3694.573,0.016497074
2015/8/6,3625.504,3710.57,3614.742,3661.539,0.008941223
2015/8/7,3692.614,3756.74,3686.3,3744.205,-0.022576845
2015/8/10,3786.033,3943.624,3775.854,3928.415,-0.049198695
2015/8/11,3928.808,3970.337,3891.179,3927.908,0.00012906
2015/8/12,3881.228,3937.772,3871.136,3886.32,0.010587824
2015/8/13,3869.911,3955.789,3838.159,3954.556,-0.017557998
2015/8/14,3976.405,4000.684,3939.835,3965.335,-0.002725717
2015/8/17,3947.844,3994.537,3907.399,3993.668,-0.007145172
2015/8/18,3999.134,4006.337,3743.394,3748.164,0.061473312
2015/8/19,3646.803,3811.427,3558.383,3794.109,-0.012258002
2015/8/20,3754.567,3788.005,3663.607,3664.291,0.034215675
2015/8/21,3609.959,3652.837,3490.54,3507.744,0.042722317
2015/8/24,3373.478,3388.364,3191.879,3209.905,0.08490899
2015/8/25,3004.126,3123.034,2947.944,2964.967,0.076306931
2015/8/26,2980.794,3092.041,2850.714,2927.288,0.012708067
2015/8/27,2978.03,3085.422,2906.49,3083.591,-0.053395156
2015/8/28,3125.264,3235.839,3102.945,3232.35,-0.048242131
2015/8/31,3203.559,3207.862,3109.163,3205.986,0.008156295
2015/9/1,3157.832,3180.331,3053.738,3166.624,0.012277658
2015/9/2,3027.678,3194.485,3019.087,3160.167,0.00203908
2015/9/7,3149.38,3217.579,3066.304,3080.42,0.025235059
2015/9/8,3054.444,3174.709,3011.117,3170.452,-0.029227183
2015/9/9,3182.552,3256.743,3165.696,3243.089,-0.022910613
2015/9/10,3190.553,3243.281,3178.904,3197.893,0.013936096
2015/9/11,3189.479,3223.762,3163.449,3200.234,-0.000732045
2015/9/14,3221.165,3229.482,3049.23,3114.798,0.026696798
2015/9/15,3043.805,3081.703,2983.92,3005.172,0.03519522
2015/9/16,2998.036,3182.934,2983.535,3152.263,-0.048945951
2015/9/17,3131.982,3204.702,3085.314,3086.061,0.02100142
2015/9/18,3100.28,3122.048,3070.336,3097.917,-0.003841791
2015/9/21,3072.094,3159.883,3060.856,3156.54,-0.01892336
2015/9/22,3161.318,3213.476,3152.481,3185.619,-0.009212302
2015/9/23,3137.723,3164.041,3104.744,3115.888,0.021889309
2015/9/24,3126.491,3151.165,3109.691,3142.687,-0.008600758
2015/9/25,3130.851,3149.948,3062.995,3092.347,0.01601814
2015/9/28,3085.567,3103.069,3042.31,3100.756,-0.002719294
2015/9/29,3055.218,3068.298,3021.157,3038.137,0.020194753
2015/9/30,3052.841,3073.3,3039.742,3052.781,-0.004820059
2015/10/8,3156.075,3172.281,3133.127,3143.357,-0.029669996
2015/10/9,3146.644,3192.717,3137.788,3183.152,-0.012660032
2015/10/12,3193.54,3318.714,3188.407,3287.662,-0.032832237
2015/10/13,3262.156,3298.626,3253.249,3293.23,-0.001693605
2015/10/14,3280.02,3307.315,3256.253,3262.441,0.00934918
2015/10/15,3255.032,3338.297,3254.392,3338.073,-0.023182641
2015/10/16,3358.297,3393.018,3334.854,3391.352,-0.015961005
2015/10/19,3401.627,3423.402,3355.566,3386.7,0.001371724
2015/10/20,3377.547,3425.516,3357.861,3425.33,-0.011406384
2015/10/21,3428.561,3447.258,3265.436,3320.676,0.030552969
2015/10/22,3292.291,3373.776,3282.993,3368.739,-0.01447386
2015/10/23,3377.548,3422.022,3360.218,3412.434,-0.012970729
2015/10/26,3448.649,3457.517,3402,3429.581,-0.005024859
2015/10/27,3409.137,3441.565,3332.616,3434.336,-0.001386467
2015/10/28,3417.011,3439.758,3367.231,3375.196,0.017220214
2015/10/29,3387.774,3411.714,3362.509,3387.315,-0.003590606
2015/10/30,3380.284,3417.201,3346.591,3382.561,0.001403471
2015/11/2,3337.578,3391.064,3322.312,3325.085,0.016991859
2015/11/3,3330.316,3346.275,3302.184,3316.695,0.002523244
2015/11/4,3325.619,3459.646,3325.619,3459.64,-0.043098627
2015/11/5,3459.215,3585.657,3455.525,3522.819,-0.018261727
2015/11/6,3514.436,3596.382,3508.827,3590.032,-0.019079323
2015/11/9,3588.498,3673.76,3588.498,3646.881,-0.015835235
2015/11/10,3617.396,3669.533,3607.891,3640.485,0.001753827
2015/11/11,3635.004,3654.877,3605.621,3650.249,-0.00268206
2015/11/12,3656.817,3659.315,3603.228,3632.902,0.004752279
2015/11/13,3600.764,3632.556,3564.809,3580.839,0.014330967
2015/11/16,3522.461,3607.612,3519.421,3606.957,-0.007293821
2015/11/17,3629.977,3678.273,3598.068,3604.795,0.000599397
2015/11/18,3605.061,3617.069,3558.697,3568.468,0.010077411
2015/11/19,3573.776,3618.213,3561.044,3617.062,-0.013617608
2015/11/20,3620.791,3640.529,3607.915,3630.5,-0.00371517
2015/11/23,3630.867,3654.754,3598.871,3610.315,0.00555984
2015/11/24,3602.887,3616.484,3563.104,3616.113,-0.001605954
2015/11/25,3614.068,3648.367,3607.518,3647.93,-0.008798674
2015/11/26,3659.574,3668.376,3629.865,3635.552,0.003393157
2015/11/27,3616.544,3621.897,3412.427,3436.303,0.054805708
2015/11/30,3433.855,3470.371,3327.812,3445.405,-0.002648777
2015/12/1,3442.441,3483.414,3417.545,3456.309,-0.003164795
2015/12/2,3450.278,3538.847,3427.661,3536.905,-0.023318517
2015/12/3,3525.727,3591.73,3517.23,3584.824,-0.013548286
2015/12/4,3558.149,3568.97,3510.412,3524.992,0.016690359
2015/12/7,3529.806,3543.945,3506.625,3536.927,-0.003385823
2015/12/8,3518.648,3518.648,3466.79,3470.07,0.018902567
2015/12/9,3462.583,3495.702,3454.879,3472.439,-0.000682695
2015/12/10,3469.806,3503.654,3446.273,3455.495,0.004879567
2015/12/11,3441.597,3455.548,3410.924,3434.581,0.006052389
2015/12/14,3403.507,3521.779,3399.28,3520.668,-0.025064775
2015/12/15,3518.126,3529.961,3496.854,3510.354,0.002929558
2015/12/16,3522.091,3538.689,3506.291,3516.187,-0.001661656
2015/12/17,3533.628,3583.408,3533.628,3579.999,-0.018148068
2015/12/18,3574.94,3614.698,3568.161,3578.964,0.000289106
2015/12/21,3568.581,3651.056,3565.751,3642.472,-0.0177448
2015/12/22,3645.99,3652.635,3616.87,3651.767,-0.002551838
2015/12/23,3653.282,3684.567,3633.025,3636.089,0.004293264
2015/12/24,3631.313,3640.221,3572.277,3612.485,0.00649159
2015/12/25,3614.054,3635.256,3601.738,3627.914,-0.004271021
2015/12/28,3635.769,3641.588,3533.779,3533.779,0.025947418
2015/12/29,3528.395,3564.171,3515.52,3563.736,-0.008477327
2015/12/30,3566.731,3573.684,3538.112,3572.876,-0.002564724
2015/12/31,3570.467,3580.602,3538.353,3539.182,0.009430498
2016/1/4,3536.589,3538.689,3295.741,3296.258,0.068638459
2016/1/5,3196.651,3328.139,3189.605,3287.711,0.00259294
2016/1/6,3291.195,3362.974,3288.933,3361.84,-0.022547298
2016/1/7,3309.657,3309.657,3115.885,3125.002,0.070448921
2016/1/8,3194.625,3235.451,3056.878,3186.412,-0.019651187
2016/1/11,3131.853,3166.215,3016.697,3016.704,0.053259905
2016/1/12,3026.159,3047.664,2978.463,3022.861,-0.002040969
2016/1/13,3041.107,3059.015,2949.29,2949.597,0.024236642
2016/1/14,2874.049,3012.293,2867.553,3007.649,-0.019681333
2016/1/15,2988.048,3001.708,2883.868,2900.97,0.035469232
2016/1/18,2847.539,2945.45,2844.704,2913.837,-0.004435413
2016/1/19,2914.408,3012.068,2906.404,3007.739,-0.032226236
2016/1/20,2993.014,3016.283,2951.922,2976.694,0.010321707
2016/1/21,2934.391,2998.79,2880.085,2880.482,0.032321764
2016/1/22,2911.112,2931.359,2851.733,2916.562,-0.012525681
2016/1/25,2934.078,2955.783,2911.829,2938.515,-0.007527013
2016/1/26,2907.718,2911.991,2743.839,2749.785,0.064226318
2016/1/27,2756.082,2768.772,2638.302,2735.558,0.005173859
2016/1/28,2711.158,2740.536,2647.493,2655.661,0.029206838
2016/1/29,2652.854,2755.367,2649.791,2737.6,-0.030854465
2016/2/1,2730.984,2735.255,2655.623,2688.854,0.017806108
2016/2/2,2687.982,2755.159,2687.982,2749.57,-0.022580624
2016/2/3,2719.574,2746.072,2696.884,2739.247,0.003754405
2016/2/4,2751.432,2793.298,2751.314,2781.023,-0.015250907
2016/2/5,2783.076,2790.061,2762.16,2763.492,0.006303795
2016/2/15,2684.961,2760.359,2682.09,2746.196,0.006258748
2016/2/16,2758.579,2840.622,2758.579,2836.571,-0.032909159
2016/2/17,2829.764,2868.701,2824.356,2867.338,-0.010846547
2016/2/18,2881.777,2893.215,2857.699,2862.893,0.001550218
2016/2/19,2854.904,2872.724,2840.488,2860.021,0.001003181
2016/2/22,2888.598,2933.964,2880.347,2927.175,-0.023480247
2016/2/23,2925.708,2928.048,2872.282,2903.331,0.008145738
2016/2/24,2889.885,2929.871,2872.274,2928.896,-0.008805403
2016/2/25,2922.237,2922.237,2729.851,2741.245,0.064068851
2016/2/26,2760.058,2784.753,2715.874,2767.21,-0.009471974
2016/2/29,2754.814,2755.89,2638.963,2687.979,0.028632088
2016/3/1,2688.38,2747.562,2668.757,2733.17,-0.016812259
2016/3/2,2733.767,2852.7,2732.539,2849.681,-0.042628523
2016/3/3,2847.331,2878.445,2840.874,2859.758,-0.003536185
2016/3/4,2848.538,2880.372,2808.849,2874.147,-0.005031545
2016/3/7,2886.64,2911.839,2871.346,2897.34,-0.008069525
2016/3/8,2895.666,2902.621,2802.563,2901.387,-0.001396798
2016/3/9,2839.411,2863.015,2811.718,2862.556,0.013383599
2016/3/10,2847.567,2863.176,2803.476,2804.726,0.020202225
2016/3/11,2781.6,2815.607,2772.551,2810.307,-0.001989856
2016/3/14,2830.084,2889.816,2823.028,2859.499,-0.017504137
2016/3/15,2853.978,2865.787,2819.795,2864.368,-0.001702746
2016/3/16,2858.709,2881.529,2854.192,2870.43,-0.002116348
2016/3/17,2875.411,2921,2857.191,2904.832,-0.011984964
2016/3/18,2915.518,2971.551,2908.742,2955.15,-0.017322172
2016/3/21,2978.455,3028.322,2973.758,3018.802,-0.021539347
2016/3/22,3001.63,3019.101,2988.426,2999.363,0.006439309
2016/3/23,2991.169,3012.56,2980.855,3009.96,-0.003533084
2016/3/24,2986.801,2998.154,2960.537,2960.97,0.016275964
2016/3/25,2956.2,2981.408,2952.106,2979.434,-0.006235794
2016/3/28,2988.01,3008.168,2948.526,2957.82,0.007254398
2016/3/29,2956.705,2962.203,2905.251,2919.832,0.012843243
2016/3/30,2941.218,3001.106,2941.218,3000.645,-0.027677277
2016/3/31,3009.367,3023.409,2992.916,3003.915,-0.001089766
2016/4/1,2997.088,3009.673,2956.247,3009.53,-0.001869227
2016/4/5,3000.938,3057.33,2993.148,3053.065,-0.014465714
2016/4/6,3039.745,3059.794,3029.005,3050.592,0.000810006
2016/4/7,3058.339,3062.358,3007.06,3008.42,0.013824202
2016/4/8,2988.2,2996.171,2960.46,2984.958,0.007798778
2016/4/11,3006.909,3048.977,3006.909,3033.957,-0.016415306
2016/4/12,3031.301,3036.825,3001.315,3023.646,0.003398532
2016/4/13,3041.358,3097.165,3041.358,3066.638,-0.014218596
2016/4/14,3080.09,3086.698,3056.989,3082.362,-0.005127439
2016/4/15,3085.026,3089.951,3066.872,3078.117,0.001377191
2016/4/18,3058.463,3058.463,3022.97,3033.66,0.014442921
2016/4/19,3047.133,3054.503,3024.895,3042.823,-0.003020444
2016/4/20,3050.381,3055.689,2905.049,2972.584,0.023083498
2016/4/21,2954.37,2990.673,2943.464,2952.891,0.006624876
2016/4/22,2933.035,2960.209,2926.776,2959.24,-0.002150096
2016/4/25,2949.973,2954.092,2917.02,2946.67,0.004247712
2016/4/26,2944.716,2965.429,2933.971,2964.7,-0.006118771
2016/4/27,2967.19,2976.022,2949.432,2953.671,0.003720107
2016/4/28,2955.742,2959.512,2916.374,2945.589,0.002736256
2016/4/29,2935.376,2950.576,2930.357,2938.324,0.0024664
2016/5/3,2940.392,2993.535,2929.815,2992.643,-0.018486389
2016/5/4,2983.027,3004.418,2978.33,2991.272,0.000458123
2016/5/5,2987.022,2999.118,2977.2,2997.842,-0.00219639
2016/5/6,2998.402,3003.59,2913.036,2913.248,0.028218298
2016/5/9,2896.162,2896.162,2821.826,2832.113,0.027850358
2016/5/10,2822.327,2845.238,2820.164,2832.591,-0.000168779
2016/5/11,2843.545,2857.254,2818.699,2837.037,-0.001569588
2016/5/12,2812.108,2839.276,2781.236,2835.862,0.000414164
2016/5/13,2828.462,2850.093,2814.115,2827.109,0.003086539
2016/5/16,2816.775,2851.229,2804.991,2850.862,-0.008401869
2016/5/17,2850.926,2860.321,2832.459,2843.684,0.002517835
2016/5/18,2828.178,2828.255,2781.417,2807.514,0.012719416
2016/5/19,2802.315,2829.402,2801.548,2806.906,0.000216562
2016/5/20,2792.888,2825.952,2785.08,2825.483,-0.006618319
2016/5/23,2826.312,2848.071,2826.256,2843.645,-0.006427928
2016/5/24,2839.682,2839.695,2807.188,2821.666,0.007729165
2016/5/25,2835.029,2843.165,2807.749,2819.785,0.000666627
2016/5/26,2813.543,2827.092,2780.763,2822.443,-0.000942625
2016/5/27,2817.968,2832.799,2809.799,2821.046,0.000494961
2016/5/30,2814.651,2830.97,2794.661,2822.451,-0.000498042
2016/5/31,2822.593,2917.135,2822.593,2916.616,-0.033362847
2016/6/1,2917.154,2929.076,2909.512,2913.508,0.001065619
2016/6/2,2911.219,2925.67,2906.524,2925.229,-0.004022985
2016/6/3,2929.788,2945.519,2915.185,2938.682,-0.004598956
2016/6/6,2940.994,2945.942,2922.283,2934.098,0.001559883
2016/6/7,2936.282,2938.444,2923.502,2936.045,-0.000663577
2016/6/8,2932.376,2937.986,2908.367,2927.159,0.00302652
2016/6/13,2897.273,2911.158,2832.507,2833.071,0.032143112
2016/6/14,2824.229,2843.456,2822.061,2842.189,-0.003218416
2016/6/15,2814.693,2894.264,2811.781,2887.21,-0.015840256
2016/6/16,2878.402,2887.743,2865.388,2872.817,0.004985089
2016/6/17,2873.009,2900.299,2872.185,2885.105,-0.004277335
2016/6/20,2887.636,2891.658,2864.02,2888.809,-0.001283835
2016/6/21,2898.384,2919.302,2869.176,2878.558,0.003548521
2016/6/22,2872.734,2905.978,2869.513,2905.55,-0.009376917
2016/6/23,2902.398,2904.112,2878.661,2891.96,0.004677256
2016/6/24,2883.759,2899.569,2807.598,2854.286,0.013027151
2016/6/27,2840.559,2895.731,2840.277,2895.703,-0.014510459
2016/6/28,2885.011,2913.582,2878.824,2912.557,-0.005820348
2016/6/29,2918.534,2933.997,2915.062,2931.592,-0.006535494
2016/6/30,2931.481,2938.137,2922.312,2929.606,0.000677448
2016/7/1,2931.802,2944.989,2925.81,2932.476,-0.000979654
2016/7/4,2924.293,2992.498,2922.52,2988.604,-0.01914014
2016/7/5,2991.752,3010.275,2990.642,3006.392,-0.005951943
2016/7/6,2998.521,3017.652,2984.828,3017.292,-0.003625608
2016/7/7,3009.353,3024.109,2994.643,3016.847,0.000147483
2016/7/8,3000.326,3001.551,2983.881,2988.094,0.009530811
2016/7/11,2993.749,3022.944,2990.907,2994.917,-0.002283395
2016/7/12,2992.52,3049.681,2984.421,3049.381,-0.018185479
2016/7/13,3049.513,3069.047,3048.199,3060.689,-0.003708294
2016/7/14,3054.975,3057.046,3036.523,3054.018,0.002179575
2016/7/15,3056.682,3062.683,3044.538,3054.296,-9.10276E-05
2016/7/18,3047.637,3058.321,3031.639,3043.564,0.003513739
2016/7/19,3040.226,3043.6,3014.289,3036.598,0.002288764
2016/7/20,3034.714,3042.997,3022.631,3027.9,0.00286439
2016/7/21,3027.604,3053.334,3027.368,3039.009,-0.003668879
2016/7/22,3038.118,3039.27,3007.457,3012.816,0.008618928
2016/7/25,3008.094,3027.123,3003.292,3015.828,-0.000999729
2016/7/26,3014.04,3050.615,3013.802,3050.166,-0.011385928
2016/7/27,3050.368,3057.424,2939.227,2991.999,0.01907011
2016/7/28,2980.501,3003.363,2968.182,2994.323,-0.000776738
2016/7/29,2992.536,3000.055,2972.917,2979.339,0.005004136
2016/8/1,2971.949,2972.875,2931.963,2953.385,0.008711328
2016/8/2,2950.08,2971.279,2946.637,2971.279,-0.00605881
2016/8/3,2963.215,2981.156,2956.786,2978.461,-0.002417141
2016/8/4,2976.41,2982.86,2958.933,2982.426,-0.001331224
2016/8/5,2978.778,2991.677,2971.564,2976.696,0.001921255
2016/8/8,2972.625,3004.718,2959.048,3004.277,-0.009265642
2016/8/9,3001.306,3025.911,2998.677,3025.681,-0.007124509
2016/8/10,3023.472,3033.196,3017.09,3018.746,0.002292046
2016/8/11,3013.678,3038.048,3001.168,3002.638,0.005335991
2016/8/12,3000.273,3051.054,2999.039,3050.667,-0.015995601
2016/8/15,3056.484,3137.476,3053.871,3125.195,-0.024430067
2016/8/16,3130.533,3140.441,3102.065,3110.037,0.004850257
2016/8/17,3106.991,3114.255,3090.281,3109.555,0.000154982
2016/8/18,3107.753,3125.581,3093.317,3104.114,0.001749768
2016/8/19,3100.391,3113.344,3082.771,3108.102,-0.001284747
2016/8/22,3107.381,3112.74,3083.593,3084.805,0.007495571
2016/8/23,3081.572,3101.11,3073.529,3089.706,-0.001588755
2016/8/24,3092.02,3097.148,3079.548,3085.88,0.001238306
2016/8/25,3073.444,3073.444,3041.505,3068.329,0.005687519
2016/8/26,3069.85,3087.652,3063.894,3070.309,-0.000645302
2016/8/29,3068.46,3074.943,3058.785,3070.027,9.18474E-05
2016/8/30,3071.44,3082.988,3065.971,3074.677,-0.001514645
2016/8/31,3072.916,3087.698,3063.396,3085.491,-0.003517117
2016/9/1,3083.961,3088.704,3062.876,3063.305,0.007190428
2016/9/2,3057.495,3072.526,3050.492,3067.352,-0.001321122
2016/9/5,3070.707,3085.485,3065.329,3072.095,-0.001546285
2016/9/6,3071.055,3095.509,3053.187,3090.713,-0.006060359
2016/9/7,3091.329,3105.678,3087.879,3091.928,-0.000393113
2016/9/8,3089.953,3096.783,3083.902,3095.954,-0.0013021
2016/9/9,3095.427,3101.792,3078.218,3078.855,0.005523015
2016/9/12,3037.507,3040.952,2999.929,3021.977,0.018473751
2016/9/13,3025.035,3029.721,3008.741,3023.51,-0.000507284
2016/9/14,3008.904,3017.945,2995.416,3002.849,0.006833449
2016/9/19,3005.323,3026.651,3005.323,3026.051,-0.007726662
2016/9/20,3027.172,3027.817,3015.88,3023,0.001008245
2016/9/21,3021.576,3032.45,3017.541,3025.874,-0.000950711
2016/9/22,3038.422,3054.435,3035.07,3042.313,-0.00543281
2016/9/23,3044.786,3046.805,3032.802,3033.896,0.002766645
2016/9/26,3028.243,3028.243,2980.117,2980.43,0.017622885
2016/9/27,2974.593,2998.233,2969.132,2998.172,-0.005952832
2016/9/28,3000.695,3000.695,2984.321,2987.858,0.003440096
2016/9/29,2992.168,3009.198,2991.909,2998.483,-0.003556059
2016/9/30,2994.251,3009.195,2993.062,3004.703,-0.002074382
2016/10/10,3020.457,3048.236,3014.62,3048.143,-0.014457336
2016/10/11,3051.622,3066.104,3048.018,3065.25,-0.00561227
2016/10/12,3057.316,3060.514,3048.888,3058.498,0.002202757
2016/10/13,3057.972,3064.999,3052.64,3061.346,-0.000931176
2016/10/14,3056.993,3064.79,3043.184,3063.809,-0.000804548
2016/10/17,3064.691,3068.812,3033.753,3041.166,0.007390474
2016/10/18,3037.404,3084.187,3037.404,3083.875,-0.014043627
2016/10/19,3085.749,3096.223,3076.771,3084.719,-0.000273682
2016/10/20,3084.908,3089.682,3076.295,3084.458,8.46106E-05
2016/10/21,3081.389,3101.849,3069.267,3090.941,-0.002101828
2016/10/24,3092.047,3137.034,3090.786,3128.247,-0.012069464
2016/10/25,3127.968,3132.505,3121.05,3131.939,-0.001180214
2016/10/26,3129.838,3129.838,3110.387,3116.312,0.004989561
2016/10/27,3112.603,3114.759,3100.392,3112.35,0.001271375
2016/10/28,3111.704,3128.643,3101.237,3104.27,0.002596109
2016/10/31,3097.1881,3102.3015,3081.0722,3100.492,0.001217033
2016/11/1,3101.6639,3122.6147,3097.0423,3122.4356,-0.007077457
2016/11/2,3115.7291,3118.9773,3099.8196,3102.7326,0.006310138
2016/11/3,3096.765,3140.9298,3094.1025,3128.9356,-0.008445136
2016/11/4,3126.3489,3141.3337,3119.5354,3125.3167,0.001156591
2016/11/7,3124.892,3139.202,3117.096,3133.333,-0.002564956
2016/11/8,3140.944,3156.881,3134.955,3147.888,-0.004645213
2016/11/9,3146.078,3146.95,3096.947,3128.37,0.006200348
2016/11/10,3148.544,3172.309,3148.544,3171.282,-0.013717048
2016/11/11,3169.401,3202.74,3166.07,3196.044,-0.007808199
2016/11/14,3187.709,3221.458,3186.796,3210.371,-0.004482729
2016/11/15,3209.955,3214.292,3195.035,3206.986,0.001054395
2016/11/16,3208.497,3210.893,3195.411,3205.057,0.000601499
2016/11/17,3198.499,3211.053,3187.206,3208.453,-0.001059576
2016/11/18,3207.193,3212.394,3187.496,3192.856,0.004861221
2016/11/21,3188.496,3229.757,3188.28,3218.148,-0.007921435
2016/11/22,3220.983,3249.677,3220.983,3248.352,-0.009385522
2016/11/23,3247.945,3262.879,3231.586,3241.137,0.002221126
2016/11/24,3237.428,3257.857,3232.869,3241.736,-0.000184812
2016/11/25,3241.243,3262.438,3209.598,3261.938,-0.006231846
2016/11/28,3270.047,3288.337,3267.674,3277,-0.0046175
2016/11/29,3269.234,3301.213,3263.397,3282.924,-0.001807751
2016/11/30,3272.142,3277.269,3239.521,3250.034,0.010018508
2016/12/1,3257.027,3279.671,3256.256,3273.309,-0.007161464
2016/12/2,3270.121,3279.714,3235.277,3243.843,0.0090019
2016/12/5,3203.784,3219.518,3194.879,3204.709,0.012064086
2016/12/6,3202.029,3215.311,3196.525,3199.647,0.001579551
2016/12/7,3198.475,3222.428,3189.485,3222.242,-0.007061716
2016/12/8,3225.55,3228.122,3211.471,3215.366,0.002133918
2016/12/9,3209.34,3244.801,3207.043,3232.883,-0.005447902
2016/12/12,3233.666,3245.095,3149.896,3152.97,0.024718804
2016/12/13,3138.988,3162.496,3118.712,3155.037,-0.000655572
2016/12/14,3149.377,3170.021,3136.348,3140.531,0.004597727
2016/12/15,3125.757,3138.779,3100.913,3117.677,0.007277113
2016/12/16,3111.515,3128.874,3106.346,3122.982,-0.001701587
2016/12/19,3120.696,3125.284,3110.082,3118.085,0.001568053
2016/12/20,3115.898,3117.015,3084.8,3102.876,0.004877673
2016/12/21,3107.24,3140.251,3107.24,3137.43,-0.01113612
2016/12/22,3132.156,3143.169,3126.887,3139.558,-0.000678262
2016/12/23,3134.929,3138.404,3103.748,3110.154,0.00936565
2016/12/26,3095.579,3122.881,3068.415,3122.569,-0.003991764
2016/12/27,3117.387,3127.883,3113.745,3114.664,0.002531569
2016/12/28,3113.767,3118.782,3094.549,3102.236,0.003990158
2016/12/29,3095.845,3111.799,3087.344,3096.097,0.001978895
2016/12/30,3097.345,3108.839,3089.989,3103.637,-0.002435324
2017/1/3,3105.309,3136.456,3105.309,3135.921,-0.01040199
2017/1/4,3133.787,3160.103,3130.115,3158.794,-0.00729387
2017/1/5,3157.906,3168.502,3154.281,3165.411,-0.002094787
2017/1/6,3163.776,3172.035,3153.025,3154.321,0.003503494
2017/1/9,3148.532,3173.136,3147.735,3171.236,-0.005362485
2017/1/10,3167.57,3174.578,3157.332,3161.671,0.003016174
2017/1/11,3156.686,3167.029,3136.267,3136.754,0.007880959
2017/1/12,3133.602,3144.97,3115.979,3119.289,0.005567858
2017/1/13,3116.083,3130.515,3102.163,3112.764,0.002091823
2017/1/16,3104.492,3105.142,3044.291,3103.428,0.002999264
2017/1/17,3087.03,3108.907,3072.338,3108.775,-0.001722933
2017/1/18,3104.766,3123.72,3098.586,3113.012,-0.001362916
2017/1/19,3104.972,3115.778,3094.006,3101.299,0.003762594
2017/1/20,3095.819,3125.66,3095.215,3123.139,-0.00704221
2017/1/23,3125.421,3145.841,3125.421,3136.775,-0.00436612
2017/1/24,3134.592,3149.531,3131.218,3142.553,-0.001842019
2017/1/25,3137.646,3151.472,3133.191,3149.555,-0.002228125
2017/1/26,3149.217,3163.104,3148.908,3159.166,-0.003051542
2017/2/3,3160.082,3162.677,3136.013,3140.17,0.006012979
2017/2/6,3143.093,3158.843,3135.387,3156.984,-0.005354487
2017/2/7,3154.405,3159.544,3140.036,3153.088,0.001234089
2017/2/8,3148.086,3167.447,3132.033,3166.982,-0.004406474
2017/2/9,3164.688,3186.838,3162.574,3183.179,-0.005114333
2017/2/10,3183.007,3205.049,3182.802,3196.699,-0.004247326
2017/2/13,3198.995,3219.407,3198.995,3216.839,-0.006300249
2017/2/14,3216.137,3219.405,3205.285,3217.928,-0.000338531
2017/2/15,3215.464,3235.998,3206.561,3212.986,0.001535771
2017/2/16,3210.357,3230.275,3207.785,3229.618,-0.005176493
2017/2/17,3227.707,3238.396,3199.425,3202.076,0.008527944
2017/2/20,3198.963,3241.458,3198.963,3239.961,-0.011831387
2017/2/21,3242.223,3254.336,3239.878,3253.326,-0.00412505
2017/2/22,3252.69,3261.381,3243.84,3261.218,-0.002425825
2017/2/23,3258.832,3264.082,3236.355,3251.375,0.003018197
2017/2/24,3246.86,3253.956,3233.535,3253.433,-0.000632963
2017/2/27,3249.195,3251.654,3224.088,3228.66,0.007614418
2017/2/28,3225.969,3242.679,3225.969,3241.733,-0.004049048
2017/3/1,3240.073,3259.978,3237.871,3246.934,-0.001604389
2017/3/2,3250.518,3256.807,3228.665,3230.028,0.005206758
2017/3/3,3219.202,3221.155,3206.613,3218.312,0.003627213
2017/3/6,3217.335,3234.663,3215.067,3233.866,-0.004832968
2017/3/7,3233.094,3242.659,3226.822,3242.406,-0.002640802
2017/3/8,3240.532,3245.304,3230.608,3240.665,0.000536947
2017/3/9,3233.701,3233.875,3205.279,3216.746,0.007380893
2017/3/10,3213.729,3222.319,3208.447,3212.76,0.00123914
2017/3/13,3209.449,3237.121,3193.157,3237.024,-0.007552385
2017/3/14,3235.252,3246.329,3231.521,3239.328,-0.000711765
2017/3/15,3235.403,3243.713,3227.738,3241.76,-0.000750773
2017/3/16,3247.163,3269.77,3247.163,3268.935,-0.008382792
2017/3/17,3271.867,3274.19,3232.281,3237.447,0.009632495
2017/3/20,3241.11,3251.127,3228.118,3250.808,-0.004127017
2017/3/21,3250.247,3262.221,3246.696,3261.611,-0.003323174
2017/3/22,3246.223,3255.778,3229.128,3245.22,0.005025431
2017/3/23,3245.808,3262.091,3221.934,3248.55,-0.001026125
2017/3/24,3247.35,3275.207,3241.123,3269.445,-0.0064321
2017/3/27,3268.924,3283.239,3262.118,3266.955,0.000761597
2017/3/28,3265.634,3265.634,3246.086,3252.948,0.004287479
2017/3/29,3252.865,3262.098,3233.28,3241.314,0.003576448
2017/3/30,3235.137,3240.017,3195.852,3210.237,0.009587778
2017/3/31,3206.253,3226.248,3205.537,3222.514,-0.003824328
2017/4/5,3235.66,3270.645,3233.237,3270.305,-0.014830347
2017/4/6,3272.193,3286.674,3265.765,3281.005,-0.003271866
2017/4/7,3280.624,3295.187,3275.051,3286.616,-0.001710147
2017/4/10,3285.459,3285.459,3265.012,3269.393,0.005240344
2017/4/11,3266.222,3290.389,3244.405,3288.966,-0.005986738
2017/4/12,3283.837,3284.934,3262.277,3273.83,0.004602054
2017/4/13,3265.218,3281.137,3261.49,3275.96,-0.000650614
2017/4/14,3276.138,3276.711,3238.896,3246.067,0.009124959
2017/4/17,3229.949,3229.949,3199.912,3222.167,0.007362756
2017/4/18,3215.396,3225.055,3196.488,3196.713,0.007899653
2017/4/19,3184.666,3189.437,3147.066,3170.687,0.008141488
2017/4/20,3165.665,3178.183,3148.184,3172.1,-0.000445645
2017/4/21,3170.29,3180.794,3158.629,3173.151,-0.000331326
2017/4/24,3164.248,3164.248,3111.215,3129.531,0.013746588
2017/4/25,3123.894,3145.267,3117.449,3134.567,-0.001609187
2017/4/26,3132.918,3152.953,3131.418,3140.847,-0.002003467
2017/4/27,3131.35,3155.003,3097.333,3152.187,-0.003610491
2017/4/28,3144.022,3154.727,3136.578,3154.658,-0.0007839
2017/5/2,3147.228,3154.781,3136.539,3143.712,0.00346979
2017/5/3,3138.307,3148.286,3123.751,3135.346,0.002661185
2017/5/4,3127.106,3143.818,3111.391,3127.369,0.002544217
2017/5/5,3114.774,3117.614,3092.092,3103.038,0.007780022
2017/5/8,3090.065,3093.452,3067.694,3078.613,0.007871318
2017/5/9,3064.848,3084.208,3056.558,3080.527,-0.000621709
2017/5/10,3078.173,3090.819,3051.59,3052.785,0.009005602
2017/5/11,3036.789,3063.564,3016.531,3061.5,-0.00285477
2017/5/12,3054.112,3090.491,3051.871,3083.513,-0.007190266
2017/5/15,3085.932,3098.913,3085.932,3090.229,-0.002178035
2017/5/16,3082.872,3113.512,3060.534,3112.964,-0.00735706
2017/5/17,3107.802,3119.582,3101.295,3104.442,0.002737584
2017/5/18,3082.329,3103.441,3077.963,3090.139,0.004607269
2017/5/19,3086.705,3095.483,3081.278,3090.631,-0.000159216
2017/5/22,3087.171,3103.938,3063.153,3075.676,0.004838818
2017/5/23,3069.394,3084.235,3050.842,3061.947,0.004463734
2017/5/24,3047.568,3064.813,3022.303,3064.076,-0.000695309
2017/5/25,3055.343,3114.658,3052.831,3107.831,-0.014279998
2017/5/26,3101.286,3120.663,3100.388,3110.059,-0.000716899
2017/5/31,3125.325,3143.279,3111.556,3117.178,-0.002289024
2017/6/1,3108.421,3113.521,3097.679,3102.623,0.004669287
2017/6/2,3094.225,3110.389,3081.849,3105.54,-0.000940172
2017/6/5,3102.11,3105.506,3084.83,3091.656,0.00447072
2017/6/6,3084.54,3102.863,3078.787,3102.126,-0.003386535
2017/6/7,3101.761,3140.774,3098.951,3140.325,-0.012313813
2017/6/8,3136.471,3153.264,3132.828,3150.334,-0.00318725
2017/6/9,3147.453,3165.92,3146.108,3158.4,-0.002560363
2017/6/12,3149.527,3164.95,3135.314,3139.877,0.005864678
2017/6/13,3134.009,3155.99,3131.043,3153.743,-0.004416097
2017/6/14,3146.748,3149.173,3125.355,3130.674,0.0073148
2017/6/15,3125.587,3137.585,3117.084,3132.486,-0.000578789
2017/6/16,3126.373,3134.251,3117.857,3123.166,0.002975273
2017/6/19,3122.158,3146.77,3121.779,3144.374,-0.006790545
2017/6/20,3148.019,3150.465,3134.611,3140.014,0.001386604
2017/6/21,3148.986,3157.028,3132.617,3156.212,-0.005158576
2017/6/22,3152.242,3186.982,3146.643,3147.453,0.002775162
2017/6/23,3138.444,3158.047,3118.095,3157.873,-0.003310613
2017/6/26,3157.002,3187.889,3156.977,3185.444,-0.008730877
2017/6/27,3183.42,3193.461,3172.463,3191.197,-0.001806028
2017/6/28,3183.633,3193.44,3170.786,3173.201,0.005639263
2017/6/29,3174.981,3188.774,3174.284,3188.063,-0.004683599
2017/6/30,3176.948,3193.241,3171.57,3192.427,-0.001368856
2017/7/3,3191.998,3196.286,3177.024,3195.912,-0.001091646
2017/7/4,3192.889,3193.064,3174.314,3182.804,0.00410149
2017/7/5,3179.217,3207.31,3174.708,3207.134,-0.007644203
2017/7/6,3203.863,3215.95,3188.773,3212.444,-0.001655684
2017/7/7,3203.823,3219.523,3195.291,3217.957,-0.001716139
2017/7/10,3208.463,3223.34,3203.209,3212.632,0.001654777
2017/7/11,3201.517,3226.908,3199.224,3203.038,0.002986336
2017/7/12,3201.929,3215.196,3177.935,3197.544,0.001715247
2017/7/13,3192.362,3219.268,3190.339,3218.163,-0.006448387
2017/7/14,3212.032,3222.978,3204.853,3222.417,-0.001321872
2017/7/17,3219.791,3230.354,3139.504,3176.465,0.014260104
2017/7/18,3159.732,3187.671,3150.128,3187.567,-0.00349508
2017/7/19,3181.402,3232.941,3179.73,3230.976,-0.013618224
2017/7/20,3227.506,3246.236,3225.433,3244.865,-0.004298701
2017/7/21,3236.588,3247.712,3231.956,3237.982,0.002121198
2017/7/24,3230.898,3261.105,3230.071,3250.599,-0.003896563
2017/7/25,3249.138,3261.645,3233.138,3243.689,0.002125762
2017/7/26,3244.461,3264.848,3228.039,3247.675,-0.001228848
2017/7/27,3243.765,3251.926,3220.637,3249.781,-0.000648464
2017/7/28,3240.173,3256.371,3232.963,3253.24,-0.001064379
2017/7/31,3252.752,3276.946,3251.194,3273.028,-0.006082552
2017/8/1,3274.369,3292.638,3273.504,3292.638,-0.005991394
2017/8/2,3288.518,3305.431,3282.038,3285.057,0.002302409
2017/8/3,3279.986,3293.369,3262.155,3272.929,0.003691869
2017/8/4,3269.318,3287.193,3261.307,3262.081,0.003314462
2017/8/7,3257.67,3280.104,3243.715,3279.457,-0.005326661
2017/8/8,3277.189,3285.483,3269.658,3281.873,-0.000736707
2017/8/9,3277.808,3277.943,3263.847,3275.573,0.001919636
2017/8/10,3269.735,3282.519,3236.183,3261.749,0.00422033
2017/8/11,3237.922,3245.116,3200.748,3208.541,0.016312721
2017/8/14,3206.044,3240.052,3206.044,3237.36,-0.008981964
2017/8/15,3235.23,3263.589,3235.101,3251.262,-0.00429424
2017/8/16,3247.853,3248.785,3228.871,3246.451,0.001479733
2017/8/17,3253.846,3269.139,3251.459,3268.43,-0.006770162
2017/8/18,3253.243,3275.076,3248.083,3268.724,-8.99514E-05
2017/8/21,3274.581,3287.519,3270.475,3286.906,-0.005562415
2017/8/22,3287.615,3293.476,3274.941,3290.226,-0.001010068
2017/8/23,3283.797,3299.457,3274.44,3287.705,0.000766209
2017/8/24,3287.959,3297.989,3266.359,3271.512,0.00492532
2017/8/25,3271.461,3331.915,3271.461,3331.522,-0.0183432
2017/8/28,3336.126,3375.034,3336.126,3362.651,-0.009343777
2017/8/29,3362.06,3374.595,3354.463,3365.226,-0.000765765
2017/8/30,3361.821,3376.648,3357.08,3363.627,0.000475154
2017/8/31,3361.462,3367.358,3340.687,3360.81,0.000837489
2017/9/1,3365.991,3381.925,3358.472,3367.119,-0.001877226
2017/9/4,3369.719,3381.403,3359.131,3379.583,-0.003701681
2017/9/5,3377.197,3390.823,3371.571,3384.317,-0.001400765
2017/9/6,3372.428,3391.011,3364.765,3385.389,-0.000316755
2017/9/7,3383.628,3387.796,3363.177,3365.497,0.005875839
2017/9/8,3364.428,3380.89,3353.688,3365.243,7.54718E-05
2017/9/11,3365.351,3384.81,3360.046,3376.419,-0.003321008
2017/9/12,3381.487,3391.069,3370.852,3379.488,-0.000908951
2017/9/13,3374.719,3387.14,3366.541,3384.147,-0.001378611
2017/9/14,3383.47,3391.644,3361.334,3371.426,0.003758997
2017/9/15,3365.145,3365.528,3345.328,3353.619,0.005281741
2017/9/18,3352.513,3371.749,3352.513,3362.859,-0.002755232
2017/9/19,3365.532,3370.401,3344.705,3356.845,0.001788359
2017/9/20,3352.185,3370.098,3346.536,3365.996,-0.002726072
2017/9/21,3364.698,3377.884,3356.875,3357.812,0.002431375
2017/9/22,3347.157,3356.451,3334.985,3352.529,0.001573346
2017/9/25,3344.589,3350.961,3334.944,3341.549,0.003275139
2017/9/26,3336.35,3347.163,3332.599,3343.583,-0.0006087
2017/9/27,3340.822,3349.695,3340.299,3345.272,-0.000505147
2017/9/28,3343.845,3344.601,3336.178,3339.642,0.001682972
2017/9/29,3340.311,3357.015,3340.311,3348.943,-0.002785029
2017/10/9,3403.246,3410.17,3366.965,3374.378,-0.007594934
2017/10/10,3373.345,3384.026,3358.795,3382.988,-0.002551581
2017/10/11,3381.488,3395.779,3379.163,3388.284,-0.00156548
2017/10/12,3385.533,3390.204,3372.533,3386.1,0.000644574
2017/10/13,3384.488,3395.748,3383.239,3390.523,-0.001306222
2017/10/16,3393.206,3400.511,3374.769,3378.47,0.003554909
2017/10/17,3373.234,3382.407,3365.565,3372.041,0.001902932
2017/10/18,3373.528,3383.232,3371.925,3381.794,-0.002892314
2017/10/19,3374.644,3378.736,3359.628,3370.172,0.003436637
2017/10/20,3363.514,3379.765,3360.1,3378.648,-0.002515005
2017/10/23,3382.28,3385.285,3374.705,3380.699,-0.000607048
2017/10/24,3376.599,3388.689,3374.125,3388.248,-0.00223297
2017/10/25,3384.858,3398.304,3382.034,3396.898,-0.002552942
2017/10/26,3397.519,3414.242,3391.455,3407.567,-0.003140807
2017/10/27,3404.498,3421.103,3402.114,3416.812,-0.002713079
2017/10/30,3413.868,3419.732,3357.276,3390.337,0.007748451
2017/10/31,3380.999,3397.099,3376.124,3393.342,-0.000886343
2017/11/1,3393.968,3410.352,3388.598,3395.913,-0.00075766
2017/11/2,3391.652,3391.652,3372.213,3383.31,0.003711226
2017/11/3,3377.736,3380.57,3347.36,3371.744,0.003418546
2017/11/6,3369.685,3389.383,3356.534,3388.174,-0.004872849
2017/11/7,3389.472,3415.148,3387.946,3413.575,-0.007496959
2017/11/8,3409.147,3434.492,3404.881,3415.46,-0.000552207
2017/11/9,3410.672,3428.77,3408.619,3427.795,-0.003611519
2017/11/10,3423.185,3438.792,3414.329,3432.673,-0.001423072
2017/11/13,3435.184,3449.164,3435.085,3447.836,-0.004417257
2017/11/14,3446.545,3450.495,3419.692,3429.548,0.005304197
2017/11/15,3416.211,3423.75,3396.381,3402.525,0.007879464
2017/11/16,3393.194,3409.653,3390.589,3399.25,0.00096252
2017/11/17,3392.683,3403.286,3373.296,3382.908,0.004807531
2017/11/20,3361.356,3393.106,3337.116,3392.399,-0.002805574
2017/11/21,3382.36,3419.802,3377.599,3410.498,-0.005335163
2017/11/22,3417.331,3442.178,3404.287,3430.464,-0.005854277
2017/11/23,3425.009,3429.424,3342.332,3351.918,0.022896611
2017/11/24,3340.384,3360.746,3328.334,3353.821,-0.000567735
2017/11/27,3346.657,3347.051,3315.264,3322.23,0.009419406
2017/11/28,3311.232,3333.8,3300.781,3333.657,-0.003439557
2017/11/29,3335.567,3343.062,3305.572,3337.862,-0.001261378
2017/11/30,3328.643,3340.92,3306.283,3317.188,0.006193785
2017/12/1,3315.105,3324.516,3302.44,3317.617,-0.000129326
2017/12/4,3310.381,3323.996,3304.103,3309.618,0.002411068
2017/12/5,3301.691,3315.737,3300.512,3303.675,0.001795676
2017/12/6,3291.313,3296.201,3254.611,3293.965,0.002939151
2017/12/7,3283.279,3291.282,3259.164,3272.054,0.006651862
2017/12/8,3264.478,3297.13,3258.759,3289.992,-0.005482183
2017/12/11,3290.488,3322.674,3288.295,3322.196,-0.009788474
2017/12/12,3320.31,3320.31,3280.329,3280.814,0.012456219
2017/12/13,3278.397,3304.01,3273.325,3303.037,-0.006773624
2017/12/14,3302.932,3309.53,3282.573,3292.439,0.003208562
2017/12/15,3287.529,3287.529,3259.388,3266.137,0.007988607
2017/12/18,3268.034,3280.544,3254.178,3267.922,-0.000546517
2017/12/19,3266.019,3296.94,3266.019,3296.538,-0.008756635
2017/12/20,3296.74,3300.212,3276.12,3287.606,0.002709509
2017/12/21,3281.118,3309.223,3267.404,3300.059,-0.003787863
2017/12/22,3297.685,3307.328,3293.442,3297.063,0.000907863
2017/12/25,3296.211,3312.3,3270.441,3280.461,0.005035391
2017/12/26,3277.837,3307.299,3274.327,3306.125,-0.007823291
2017/12/27,3302.461,3307.08,3270.349,3275.783,0.009177511
2017/12/28,3272.291,3304.096,3263.728,3296.385,-0.006289183
2017/12/29,3295.246,3308.225,3292.77,3307.172,-0.003272373
2018/1/2,3314.031,3349.053,3314.031,3348.326,-0.012443864
2018/1/3,3347.743,3379.915,3345.289,3369.108,-0.006206684
2018/1/4,3371,3392.826,3365.295,3385.71,-0.004927714
2018/1/5,3386.464,3402.069,3380.245,3391.75,-0.001783969
2018/1/8,3391.553,3412.731,3384.559,3409.48,-0.00522739
2018/1/9,3406.112,3417.228,3403.587,3413.9,-0.001296385
2018/1/10,3414.113,3430.214,3398.842,3421.834,-0.002324028
2018/1/11,3415.585,3426.483,3405.639,3425.345,-0.001026058
2018/1/12,3423.879,3435.424,3417.98,3428.941,-0.001049821
2018/1/15,3428.951,3442.501,3402.312,3410.488,0.005381545
2018/1/16,3403.469,3437.583,3401.961,3436.594,-0.007654623
2018/1/17,3438.576,3465.205,3430.511,3444.671,-0.002350292
2018/1/18,3449.881,3476.546,3448.789,3474.754,-0.0087332
2018/1/19,3481.62,3498.434,3474.292,3487.864,-0.003772929
2018/1/22,3476.994,3503.386,3475.673,3501.362,-0.00386999
2018/1/23,3504.344,3547.222,3504.344,3546.505,-0.012892983
2018/1/24,3553.479,3569.489,3527.112,3559.465,-0.003654302
2018/1/25,3555.168,3571.481,3528.035,3548.307,0.003134741
2018/1/26,3535.493,3574.905,3534.195,3558.129,-0.002768081
2018/1/29,3563.64,3587.032,3510.269,3523.001,0.009872604
2018/1/30,3511.501,3523.051,3484.656,3488.009,0.009932441
2018/1/31,3470.509,3495.453,3454.726,3480.833,0.002057334
2018/2/1,3478.67,3495.093,3424.419,3446.98,0.009725546
2018/2/2,3419.225,3463.164,3388.86,3462.081,-0.004380936
2018/2/5,3411.67,3487.721,3406.241,3487.497,-0.007341249
2018/2/6,3418.01,3440.124,3364.216,3370.652,0.033503971
2018/2/7,3412.744,3425.538,3304.007,3309.26,0.018213687
2018/2/8,3281.046,3307.162,3225.712,3262.05,0.014266029
2018/2/9,3172.851,3180.11,3062.743,3129.851,0.040526356
2018/2/12,3128.371,3168.126,3113.605,3154.125,-0.007755641
2018/2/13,3176.107,3219.217,3176.107,3184.959,-0.00977577
2018/2/14,3188.248,3203.497,3171.384,3199.159,-0.004458456
2018/2/22,3237.569,3269.916,3234.115,3268.559,-0.021693201
2018/2/23,3275.429,3294.134,3258.488,3289.024,-0.006261169
2018/2/26,3307.295,3335.986,3281.615,3329.574,-0.012328885
2018/2/27,3328.672,3328.672,3284.629,3292.068,0.011264504
2018/2/28,3264.059,3277.832,3239.844,3259.408,0.009920816
2018/3/1,3235.089,3280.149,3228.585,3273.755,-0.00440172
2018/3/2,3248.446,3269.938,3242.267,3254.528,0.005873072
2018/3/5,3255.871,3269.4,3236.717,3256.926,-0.00073682
2018/3/6,3266.487,3290.253,3243.654,3289.642,-0.010045055
2018/3/7,3288.865,3308.406,3264.764,3271.668,0.005463816
2018/3/8,3268.347,3289.497,3261.552,3288.406,-0.005116045
2018/3/9,3291.426,3309.715,3283.559,3307.166,-0.005704892
2018/3/12,3319.209,3333.561,3313.555,3326.699,-0.005906265
2018/3/13,3324.122,3333.875,3307.376,3310.239,0.004947848
2018/3/14,3298.666,3304.979,3287.356,3291.382,0.005696568
2018/3/15,3277.514,3297.098,3273.201,3291.112,8.20324E-05
2018/3/16,3290.209,3300.565,3269.283,3269.882,0.006450707
2018/3/19,3264.928,3280.567,3251.047,3279.252,-0.002865547
2018/3/20,3257.219,3292.574,3252.433,3290.64,-0.003472743
2018/3/21,3299.731,3314.209,3268.878,3280.952,0.002944108
2018/3/22,3281.265,3288.797,3242.762,3263.48,0.005325284
2018/3/23,3172.772,3188.235,3110.664,3152.761,0.033926667
2018/3/26,3117.319,3134.276,3091.458,3133.722,0.006038834
2018/3/27,3164.798,3172.778,3143.57,3166.649,-0.010507314
2018/3/28,3130.571,3165.213,3117.534,3122.29,0.014008183
2018/3/29,3127.263,3174.509,3098.247,3160.531,-0.012247741
2018/3/30,3161.786,3177.721,3152.889,3168.897,-0.002647024
2018/4/2,3169.779,3192.34,3159.986,3163.179,0.001804413
2018/4/3,3130.013,3144.332,3119.132,3136.633,0.00839219
2018/4/4,3147.049,3163.34,3128.867,3131.111,0.001760486
2018/4/9,3125.442,3146.093,3110.303,3138.294,-0.002294074
2018/4/10,3144.257,3190.649,3139.081,3190.322,-0.016578434
2018/4/11,3197.372,3220.845,3191.587,3208.082,-0.005566836
2018/4/12,3203.278,3205.252,3177.049,3180.158,0.008704266
2018/4/13,3192.042,3197.896,3155.506,3159.052,0.006636777
2018/4/16,3152.888,3153.106,3096.1,3110.649,0.015322002
2018/4/17,3112.975,3118.76,3064.028,3066.797,0.01409738
2018/4/18,3091.91,3096.889,3041.625,3091.399,-0.00802205
2018/4/19,3094.274,3127.439,3090.287,3117.376,-0.008402992
2018/4/20,3105.462,3111.171,3065.921,3071.543,0.014702429
2018/4/23,3063.443,3085.057,3045.937,3068.012,0.001149585
2018/4/24,3069.746,3136.04,3069.746,3128.927,-0.019854877
2018/4/25,3112.398,3122.908,3107.001,3117.974,0.003500561
2018/4/26,3119.496,3121.933,3067.929,3075.03,0.013773046
2018/4/27,3082.415,3088.035,3049.914,3082.232,-0.002342091
2018/5/2,3087.409,3097.604,3064.763,3081.177,0.000342284
2018/5/3,3074.517,3105.66,3056.157,3100.859,-0.006387819
2018/5/4,3093.117,3104.093,3086.785,3091.033,0.003168799
2018/5/7,3094.899,3136.836,3091.658,3136.645,-0.014756232
2018/5/8,3135.296,3169.701,3134.062,3161.498,-0.007923434
2018/5/9,3160.138,3165.373,3145.657,3159.15,0.000742686
2018/5/10,3169.05,3176.138,3155.533,3174.413,-0.004831363
2018/5/11,3179.797,3180.756,3162.212,3163.263,0.00351246
2018/5/14,3167.042,3183.816,3163.476,3174.032,-0.003404396
2018/5/15,3180.425,3192.807,3164.518,3192.118,-0.005698115
2018/5/16,3180.226,3191.948,3166.811,3169.565,0.007065215
2018/5/17,3170.006,3172.766,3148.621,3154.283,0.004821482
2018/5/18,3151.082,3193.453,3144.776,3193.303,-0.012370482
2018/5/21,3206.176,3219.74,3203.336,3213.84,-0.006431272
2018/5/22,3211.247,3214.589,3192.228,3214.35,-0.000158689
2018/5/23,3205.437,3205.437,3168.964,3168.964,0.014119806
2018/5/24,3167.939,3173.531,3152.069,3154.651,0.004516618
2018/5/25,3148.41,3156.726,3131.068,3141.303,0.004231213
2018/5/28,3136.809,3149.665,3115.959,3135.082,0.001980388
2018/5/29,3129.621,3143.208,3112.153,3120.461,0.004663674
2018/5/30,3081.142,3085.397,3041,3041.443,0.02532254
2018/5/31,3061.829,3098.076,3054.269,3095.474,-0.017764923
2018/6/1,3084.754,3102.088,3059.786,3075.137,0.006569915
2018/6/4,3083.427,3098.402,3076.994,3091.191,-0.00522058
2018/6/5,3088.008,3114.769,3080.046,3114.206,-0.00744535
2018/6/6,3109.175,3117.525,3103.533,3115.18,-0.00031276
2018/6/7,3121.184,3128.715,3105.578,3109.499,0.001823651
2018/6/8,3100.604,3100.685,3053.288,3067.148,0.013619879
2018/6/11,3057.339,3063.61,3037.914,3052.783,0.004683504
2018/6/12,3053.028,3081.447,3034.101,3079.802,-0.008850613
2018/6/13,3071.464,3071.464,3044.12,3049.797,0.009742509
2018/6/14,3038.07,3066.047,3032.406,3044.16,0.00184832
2018/6/15,3037.452,3048.797,3008.732,3021.901,0.007312034
2018/6/19,2982.65,2984.971,2871.355,2907.822,0.03775074
2018/6/20,2889.984,2925.561,2872.163,2915.731,-0.002719905
2018/6/21,2912.003,2940.586,2872.619,2875.81,0.013691592
2018/6/22,2855.585,2891.969,2837.144,2889.76,-0.004850807
2018/6/25,2903.45,2908.624,2857.871,2859.336,0.01052821
2018/6/26,2829.995,2850.24,2803.785,2844.508,0.005185819
2018/6/27,2842.396,2854.258,2798.8,2813.178,0.011014207
2018/6/28,2799.904,2825.987,2782.446,2786.897,0.009342103
2018/6/29,2789.811,2848.372,2782.381,2847.418,-0.021716267
2018/7/2,2841.58,2845.68,2756.815,2775.557,0.02523725
2018/7/3,2774.57,2786.888,2722.449,2786.888,-0.004082424
2018/7/4,2776.632,2793.179,2754.155,2759.126,0.009961649
2018/7/5,2755.339,2777.523,2727.94,2733.882,0.009149274
2018/7/6,2731.353,2768.874,2691.021,2747.229,-0.004882069
2018/7/9,2752.447,2815.79,2752.447,2815.11,-0.024708898
2018/7/10,2819.712,2828.493,2800.625,2827.625,-0.004445652
2018/7/11,2780.704,2794.36,2752.435,2777.771,0.017631051
2018/7/12,2771.041,2844.193,2771.041,2837.659,-0.021559733
2018/7/13,2831.428,2835.463,2818.848,2831.184,0.00228181
2018/7/16,2827.082,2837.509,2804.493,2814.042,0.006054711
2018/7/17,2806.885,2806.919,2774.762,2798.126,0.005655921
2018/7/18,2801.777,2818.395,2786.04,2787.257,0.003884385
2018/7/19,2791.016,2805.011,2764.486,2772.545,0.005278308
2018/7/20,2769.754,2837.862,2753.84,2829.271,-0.020459902
2018/7/23,2815.201,2863.571,2809.616,2859.542,-0.010699223
2018/7/24,2862.267,2911.465,2862.267,2905.562,-0.016093486
2018/7/25,2911.453,2912.313,2894.039,2903.647,0.000659081
2018/7/26,2905.794,2915.297,2875.701,2882.225,0.007377619
2018/7/27,2879.69,2889.694,2864.11,2873.594,0.002994561
2018/7/30,2871.94,2896.011,2850.296,2869.05,0.001581295
2018/7/31,2866.899,2884.68,2854.32,2876.401,-0.002562172
2018/8/1,2882.506,2897.4,2823.929,2824.534,0.018031909
2018/8/2,2815.344,2815.344,2726.483,2768.024,0.02000684
2018/8/3,2763.396,2777.657,2740.432,2740.443,0.009964148
2018/8/6,2736.526,2760.474,2692.322,2705.157,0.01287602
2018/8/7,2711.736,2779.374,2696.039,2779.374,-0.027435376
2018/8/8,2771.129,2779.912,2741.067,2744.07,0.012702141
2018/8/9,2729.579,2801.659,2726.215,2794.382,-0.018334809
2018/8/10,2791.402,2806.115,2777.506,2795.31,-0.000332095
2018/8/13,2769.017,2789.798,2742.56,2785.872,0.00337637
2018/8/14,2780.736,2789.444,2766.569,2780.965,0.001761387
2018/8/15,2777.249,2777.703,2721.24,2723.258,0.020750711
2018/8/16,2691.426,2732.949,2672.741,2705.192,0.006633966
2018/8/17,2723.887,2730.333,2665.592,2668.966,0.013391286
2018/8/20,2673.066,2698.466,2653.112,2698.466,-0.01105297
2018/8/21,2700.342,2739.173,2696.292,2733.826,-0.013103741
2018/8/22,2731.958,2731.958,2709.062,2714.608,0.007029709
2018/8/23,2714.867,2736.01,2700.804,2724.624,-0.003689667
2018/8/24,2717.081,2748.824,2705.324,2729.431,-0.00176428
2018/8/27,2736.319,2780.899,2736.319,2780.899,-0.018856677
2018/8/28,2782.293,2791.39,2769.401,2777.981,0.001049301
2018/8/29,2774.865,2778.539,2762.35,2769.295,0.003126731
2018/8/30,2769.332,2780.527,2736.346,2737.737,0.01139568
2018/8/31,2730.113,2744.631,2710.537,2725.25,0.004561066
2018/9/3,2716.404,2722.852,2692.364,2720.734,0.001657096
2018/9/4,2720.648,2756.607,2712.376,2750.58,-0.010969834
2018/9/5,2741.38,2745.467,2704.337,2704.337,0.016812091
2018/9/6,2697.578,2719.406,2683.745,2691.593,0.00471243
2018/9/7,2696.678,2728.546,2683.719,2702.301,-0.003978313
2018/9/10,2698.011,2703.429,2667.317,2669.485,0.012143725
2018/9/11,2668.487,2680.573,2652.704,2664.8,0.00175502
2018/9/12,2659.744,2672.074,2647.17,2656.11,0.003261033
2018/9/13,2679.208,2689.062,2653.189,2686.578,-0.01147091
2018/9/14,2688.779,2694.92,2675.29,2681.643,0.001836909
2018/9/17,2671.291,2671.291,2647.915,2651.789,0.011132727
2018/9/18,2644.296,2700.193,2644.296,2699.95,-0.018161701
2018/9/19,2694.799,2746.08,2690.994,2730.85,-0.011444656
2018/9/20,2732.17,2743.965,2724.084,2729.244,0.000588095
2018/9/21,2733.874,2797.485,2722.032,2797.485,-0.025003627
2018/9/25,2775.066,2790.032,2771.16,2781.139,0.005843106
2018/9/26,2785.317,2827.341,2783.342,2806.813,-0.00923147
2018/9/27,2805.793,2810.506,2786.322,2791.775,0.005357678
2018/9/28,2794.264,2821.755,2791.836,2821.35,-0.010593619
2018/10/8,2768.208,2771.938,2710.178,2716.51,0.037159516
2018/10/9,2713.732,2734.314,2711.197,2721.013,-0.001657642
2018/10/10,2723.724,2743.548,2703.063,2725.837,-0.001772869
2018/10/11,2643.074,2661.286,2560.316,2583.458,0.052233131
2018/10/12,2574.042,2615.917,2536.665,2606.913,-0.009078917
2018/10/15,2605.912,2611.969,2564.738,2568.098,0.014889258
2018/10/16,2567.764,2597.715,2536.441,2546.33,0.008476312
2018/10/17,2574.313,2582.549,2517.573,2561.614,-0.006002364
2018/10/18,2544.911,2544.911,2485.619,2486.419,0.02935454
2018/10/19,2460.081,2553.387,2449.197,2550.465,-0.02575833
2018/10/22,2565.644,2675.406,2565.644,2654.876,-0.040938025
2018/10/23,2652.648,2659.812,2583.261,2594.826,0.022618759
2018/10/24,2579.972,2640.402,2577.773,2603.295,-0.003263803
2018/10/25,2540.935,2606.101,2531.535,2603.8,-0.000193985
2018/10/26,2610.898,2626.116,2580.845,2598.847,0.00190222
2018/10/29,2593.591,2595.537,2529.188,2542.103,0.021834298
2018/10/30,2538.574,2586.919,2521.784,2568.048,-0.010206117
2018/10/31,2573.015,2612.922,2567.027,2602.783,-0.013525838
2018/11/1,2617.033,2636.799,2603.651,2606.237,-0.001327041
2018/11/2,2649.251,2676.476,2628.87,2676.476,-0.02695035
2018/11/5,2665.427,2673.188,2639.271,2665.431,0.004126695
2018/11/6,2660.719,2660.863,2635.321,2659.356,0.002279181
2018/11/7,2659.845,2675.677,2639.246,2641.342,0.00677382
2018/11/8,2660.087,2662.369,2632.301,2635.632,0.00216178
2018/11/9,2621.238,2621.238,2598.161,2598.872,0.013947319
2018/11/12,2593.2,2631.17,2590.211,2630.52,-0.012177591
2018/11/13,2600.5,2666.485,2597.348,2654.88,-0.009260526
2018/11/14,2648.309,2658.307,2627.957,2632.243,0.008526562
2018/11/15,2632.138,2668.17,2631.888,2668.17,-0.013648816
2018/11/16,2669.78,2695.569,2657.034,2679.11,-0.004100189
2018/11/19,2681.899,2703.512,2674.178,2703.512,-0.009108249
2018/11/20,2684.287,2690.83,2643.359,2645.855,0.021326704
2018/11/21,2619.821,2653.796,2617.776,2651.505,-0.002135416
2018/11/22,2655.896,2658.001,2634.483,2645.434,0.002289643
2018/11/23,2640.667,2642.036,2577.351,2579.483,0.024930125
2018/11/26,2580.842,2594.997,2568.035,2575.81,0.001423929
2018/11/27,2585.826,2592.535,2566.166,2574.679,0.000439085
2018/11/28,2575.454,2601.963,2561.562,2601.737,-0.010509271
2018/11/29,2613.781,2617.548,2567.443,2567.443,0.013181194
2018/11/30,2564.564,2590.21,2555.322,2588.188,-0.008080024
2018/12/3,2647.132,2665.298,2629.184,2654.798,-0.025736152
2018/12/4,2651.561,2666.078,2644.896,2665.958,-0.00420371
2018/12/5,2629.833,2660.389,2625.913,2649.805,0.006058985
2018/12/6,2629.82,2633.678,2603.132,2605.181,0.016840484
2018/12/7,2609.341,2614.582,2599.278,2605.888,-0.000271382
2018/12/10,2589.194,2599.762,2576.242,2584.582,0.0081761
2018/12/11,2587.015,2596.146,2583.196,2594.088,-0.003677964
2018/12/12,2608.114,2610.009,2595.075,2602.153,-0.003108992
2018/12/13,2607.144,2645.837,2599.459,2634.049,-0.012257542
2018/12/14,2627.283,2629.164,2593.741,2593.741,0.015302677
2018/12/17,2587.263,2598.967,2573.867,2597.974,-0.001632006
2018/12/18,2583.634,2599.148,2563.573,2576.65,0.008207934
2018/12/19,2578.675,2579.874,2547.078,2549.563,0.010512487
2018/12/20,2544.505,2554.859,2516.019,2536.268,0.005214619
2018/12/21,2526.554,2527.421,2498.694,2516.251,0.007892305
2018/12/24,2506.737,2529.44,2500.443,2527.007,-0.004274613
2018/12/25,2503.95,2513.964,2462.845,2504.819,0.008780348
2018/12/26,2501.12,2513.826,2492.076,2498.294,0.002604979
2018/12/27,2527.717,2532.002,2483.086,2483.086,0.006087354
2018/12/28,2483.617,2505.114,2478.325,2493.896,-0.004353454
2019/1/2,2497.881,2500.278,2456.423,2465.291,0.011470005
2019/1/3,2461.783,2488.479,2455.926,2464.363,0.000376426
2019/1/4,2446.019,2515.316,2440.907,2514.868,-0.02049414
2019/1/7,2528.699,2536.978,2515.508,2533.089,-0.007245311
2019/1/8,2530.3,2531.345,2520.165,2526.462,0.002616173
2019/1/9,2536.417,2574.408,2536.157,2544.345,-0.007078278
2019/1/10,2543.853,2551.826,2531.664,2535.099,0.003633941
2019/1/11,2539.549,2554.787,2533.359,2553.831,-0.007389061
2019/1/14,2553.328,2556.294,2533.01,2535.765,0.007074078
2019/1/15,2537.37,2571.502,2532.433,2570.345,-0.01363691
2019/1/16,2569.07,2574.236,2563.006,2570.422,-2.99571E-05
2019/1/17,2573.576,2582.556,2557.711,2559.637,0.004195809
2019/1/18,2567.739,2598.884,2565.904,2596.006,-0.014208655
2019/1/21,2599.058,2618.98,2599.058,2610.509,-0.005586659
2019/1/22,2609.642,2609.642,2573.062,2579.704,0.011800381
2019/1/23,2575.258,2589.513,2572.405,2581.004,-0.000503934
2019/1/24,2584.648,2597.289,2569.7,2591.694,-0.004141799
2019/1/25,2596.262,2617.002,2595.629,2601.723,-0.00386967
2019/1/28,2615.712,2630.318,2591.1,2596.977,0.001824176
2019/1/29,2592.355,2601.736,2559.982,2594.254,0.001048527
2019/1/30,2584.746,2598.815,2575.409,2575.576,0.007199758
2019/1/31,2581.332,2606.628,2571.579,2584.572,-0.003492811
2019/2/1,2597.778,2618.477,2590.554,2618.232,-0.013023433
2019/2/11,2613.174,2654.096,2613.174,2653.896,-0.013621406
2019/2/12,2654.035,2674.478,2648.83,2671.894,-0.006781728
2019/2/13,2674.52,2727.075,2666.522,2721.068,-0.018404173
2019/2/14,2715.536,2729.455,2707.487,2719.7,0.000502744
2019/2/15,2712.786,2715.632,2679.785,2682.385,0.013720263
2019/2/18,2699.817,2754.357,2699.817,2754.357,-0.026831346
2019/2/19,2759.496,2780.784,2737.586,2755.646,-0.000467986
2019/2/20,2761.059,2767.411,2739.978,2761.219,-0.002022393
2019/2/21,2759.938,2794.013,2744.976,2751.801,0.003410812
2019/2/22,2749.462,2804.226,2736.332,2804.226,-0.01905116
2019/2/25,2838.39,2961.795,2838.39,2961.283,-0.056007255
2019/2/26,2969.098,2995.676,2938.623,2941.516,0.006675147
